filename,width,height,class,xmin,ymin,xmax,ymax
eosinophil-429-_jpeg_jpg.rf.bb59195354c400de31fe32f6f4e374bc.jpg,640,640,eosinophil,225,10,445,230
eosinophil-161-_jpeg_jpg.rf.b5e91015fa9e5375634028374a1cb434.jpg,640,640,eosinophil,190,350,390,640
neutrophil-502-_jpeg_jpg.rf.b5a594abd2810a691309e0cfb2a50e61.jpg,640,640,neutrophil,0,65,130,325
lymphocyte-393-_jpeg_jpg.rf.b7747b0b7bcb2782dd3629c7acc7f242.jpg,640,640,lymphocyte,405,120,515,240
monocyte-353-_jpeg_jpg.rf.b724fec31d0b3413dca19c98bfc5b83d.jpg,640,640,monocyte,90,305,260,525
neutrophil-420-_jpeg_jpg.rf.b74c3b7107bf312165da12138d55ca0b.jpg,640,640,neutrophil,270,180,480,480
neutrophil-456-_jpeg_jpg.rf.b845cf53ff50a2b5cb8eefa8af516865.jpg,640,640,neutrophil,255,260,455,540
neutrophil-68-_jpeg_jpg.rf.b8f3111a0bcb8e1ab62d6c6e6670707e.jpg,640,640,neutrophil,365,500,485,640
lymphocyte-107-_jpeg_jpg.rf.b7af6413dc73a3aa4bc8edd76c20787a.jpg,640,640,lymphocyte,335,255,445,395
monocyte-403-_jpeg_jpg.rf.baf36fbd931dfc95319d4abe529bc042.jpg,640,640,monocyte,135,55,365,325
eosinophil-121-_jpeg_jpg.rf.bafea106876788e2baf5dd5a0427a4aa.jpg,640,640,eosinophil,375,520,535,640
neutrophil-483-_jpeg_jpg.rf.b4b688d5601d5e8a43f187c0c9c4ade9.jpg,640,640,neutrophil,25,300,225,580
lymphocyte-286-_jpeg_jpg.rf.b49e4e95266f23212806f7aae875d0db.jpg,640,640,lymphocyte,95,280,205,410
lymphocyte-349-_jpeg_jpg.rf.ba39d018fdc45e602e01b9b1f461b9d4.jpg,640,640,lymphocyte,190,225,300,355
neutrophil-618-_jpeg_jpg.rf.ba09eee5da06d5f52de815346edc5e76.jpg,640,640,neutrophil,225,110,425,410
monocyte-421-_jpeg_jpg.rf.b5da6579cbefd0550daa4876a8fd85e2.jpg,640,640,monocyte,245,85,485,415
eosinophil-17-_jpeg_jpg.rf.bbdd47165c713510858abbf41cd4254d.jpg,640,640,eosinophil,510,130,640,350
lymphocyte-10-_jpeg_jpg.rf.b4fa6b4e4a6536b059b77b6c1c498f9d.jpg,640,640,lymphocyte,220,0,360,160
eosinophil-204-_jpeg_jpg.rf.b6c5a48442940755f377a8f7dbe85789.jpg,640,640,eosinophil,370,45,590,255
eosinophil-239-_jpeg_jpg.rf.b496500e8b4a5770996f8c342e78b12b.jpg,640,640,eosinophil,160,115,350,405
eosinophil-177-_jpeg_jpg.rf.b88a50a386ed532620c34e37ba6caacb.jpg,640,640,eosinophil,391,562,545,639
eosinophil-202-_jpeg_jpg.rf.b501582950866bbfb5d21a3078a17521.jpg,640,640,eosinophil,0,5,50,65
lymphocyte-347-_jpeg_jpg.rf.b6567cc89f6b595002689e4b6b6d8413.jpg,640,640,lymphocyte,130,190,240,330
monocyte-596-_jpeg_jpg.rf.bd761627f8ec2f134732eadd22478222.jpg,640,640,monocyte,135,10,315,230
eosinophil-123-_jpeg_jpg.rf.be28c91b1819a68dca4bf51d9bd882f3.jpg,640,640,eosinophil,220,340,410,640
monocyte-590-_jpeg_jpg.rf.bb1643764ee3ab68a68a11686d29442e.jpg,640,640,monocyte,285,210,535,540
neutrophil-486-_jpeg_jpg.rf.be3255fac0678e63bc5da95aae545830.jpg,640,640,neutrophil,215,5,415,215
eosinophil-224-_jpeg_jpg.rf.bb47c8e011fc21d37ed640229f9c351d.jpg,640,640,eosinophil,250,55,400,225
eosinophil-428-_jpeg_jpg.rf.be1f5fec2a4070d567b49c02a6775322.jpg,640,640,eosinophil,165,530,345,640
neutrophil-621-_jpeg_jpg.rf.bee918b97f07a14b3dea5e8c546185f4.jpg,640,640,neutrophil,290,390,500,640
monocyte-606-_jpeg_jpg.rf.bfda6bb1d08b70c26739fd5aa8d2ff39.jpg,640,640,monocyte,155,100,435,410
eosinophil-2-_jpeg_jpg.rf.c17052115ff9a6688c46a62ab418c41c.jpg,640,640,eosinophil,380,30,560,200
lymphocyte-336-_jpeg_jpg.rf.bfa651dfc333f918ffd1e0769b238b04.jpg,640,640,lymphocyte,195,425,325,605
eosinophil-207-_jpeg_jpg.rf.c12fce29e2cef5f26ec219a04b442918.jpg,640,640,eosinophil,10,15,220,205
eosinophil-250-_jpeg_jpg.rf.c0194173d69b4304c0018825a447d70f.jpg,640,640,eosinophil,530,480,640,610
neutrophil-604-_jpeg_jpg.rf.c54d2904e798a9c11f171eb44b1678e5.jpg,640,640,neutrophil,445,30,615,240
eosinophil-238-_jpeg_jpg.rf.c4acde1f7155ae380a58bfa95af5e196.jpg,640,640,eosinophil,265,55,445,275
neutrophil-462-_jpeg_jpg.rf.bfb551a08226593a8f36a640785ba7be.jpg,640,640,neutrophil,340,355,530,565
neutrophil-609-_jpeg_jpg.rf.c7136c8a29fc53bcb035369b0ac3d38a.jpg,640,640,neutrophil,155,560,305,640
lymphocyte-385-_jpeg_jpg.rf.c4326ddb769d8dfc6a4dd49a9de193bc.jpg,640,640,lymphocyte,90,360,210,500
eosinophil-147-_jpeg_jpg.rf.c548e2c88bbd78340ce951142becae6c.jpg,640,640,eosinophil,89,123,241,312
neutrophil-83-_jpeg_jpg.rf.c6d0caa9558ec3fae628635c2adcc512.jpg,640,640,neutrophil,190,245,370,475
neutrophil-445-_jpeg_jpg.rf.c66b3982a0ef665a4cfedf9ddf5ae395.jpg,640,640,neutrophil,30,0,260,230
monocyte-604-_jpeg_jpg.rf.c67fef4a6b7c3403d81a0e6eedc919c1.jpg,640,640,monocyte,310,95,480,315
eosinophil-251-_jpeg_jpg.rf.c2527a35188424817b16685844586819.jpg,640,640,eosinophil,570,210,640,360
monocyte-73-_jpeg_jpg.rf.c860f1a2d806637a578a7191eca92445.jpg,640,640,monocyte,210,350,440,620
lymphocyte-308-_jpeg_jpg.rf.c4e34f8a3eba6becd0b5deeba9d42b4c.jpg,640,640,lymphocyte,340,210,450,350
lymphocyte-35-_jpeg_jpg.rf.ca7b1394aaccf45b27132647ad033ba6.jpg,640,640,lymphocyte,200,50,340,190
lymphocyte-315-_jpeg_jpg.rf.c7c47a924d3d7ec1f04f8d47c54a76c8.jpg,640,640,lymphocyte,260,220,390,360
neutrophil-531-_jpeg_jpg.rf.cb7a760e33520afc131b5cac3a714012.jpg,640,640,eosinophil,0,295,140,545
monocyte-482-_jpeg_jpg.rf.ca7f32f1522f11d158a81b3685ef886f.jpg,640,640,monocyte,277,413,444,632
eosinophil-20-_jpeg_jpg.rf.d0409da0ad8056f426235caa8ff679f3.jpg,640,640,eosinophil,155,325,305,515
monocyte-428-_jpeg_jpg.rf.c832381ade6611630df2cfab54e8d4df.jpg,640,640,monocyte,230,335,460,635
monocyte-355-_jpeg_jpg.rf.cf46ceb93bd9f5ea8ab2afcdaf120dfb.jpg,640,640,monocyte,155,235,415,535
eosinophil-159-_jpeg_jpg.rf.ccc4a8533945af8161977e482885dd88.jpg,640,640,eosinophil,250,255,460,575
neutrophil-610-_jpeg_jpg.rf.cfc8337c294c0a429ea4c5755b671b3d.jpg,640,640,neutrophil,330,430,520,630
eosinophil-101-_jpeg_jpg.rf.cfd225032289e539f4f143bbcb813d74.jpg,640,640,eosinophil,197,4,392,265
monocyte-603-_jpeg_jpg.rf.cd6f31ee05634a1700bc8665315d8715.jpg,640,640,monocyte,265,20,515,270
lymphocyte-122-_jpeg_jpg.rf.caac4f5e97bc18b577dc067806b0c0b8.jpg,640,640,lymphocyte,495,325,595,485
neutrophil-471-_jpeg_jpg.rf.d09375c111669f82fbc7f597e24f4cd1.jpg,640,640,neutrophil,120,75,340,345
eosinophil-226-_jpeg_jpg.rf.cbb996b250fd96799983e17e38f1f947.jpg,640,640,eosinophil,75,0,195,50
monocyte-345-_jpeg_jpg.rf.d15d5085cb318f346c1e403bab857906.jpg,640,640,monocyte,235,250,465,550
monocyte-489-_jpeg_jpg.rf.cd411d79cd5992dfea5a8ffcf2f9ea5e.jpg,640,640,monocyte,224,436,477,637
monocyte-430-_jpeg_jpg.rf.d15ee4851f615ca3438eb40ab81ae1cf.jpg,640,640,monocyte,150,105,410,415
eosinophil-249-_jpeg_jpg.rf.cbe41048df8e10e8aaaefe7bfc1ccac3.jpg,640,640,eosinophil,165,65,315,255
monocyte-619-_jpeg_jpg.rf.d01de3b48c5adbd485839632a40beb6c.jpg,640,640,monocyte,230,105,500,415
monocyte-407-_jpeg_jpg.rf.cf64627d014a2ba2c7d60ecd58eece57.jpg,640,640,monocyte,145,15,395,265
lymphocyte-338-_jpeg_jpg.rf.d1e814efd31dca218c2dd88cc5c8f586.jpg,640,640,lymphocyte,150,320,250,440
lymphocyte-119-_jpeg_jpg.rf.d0daeadb1292eedf2b730a6b441cd35b.jpg,640,640,lymphocyte,305,305,425,465
eosinophil-152-_jpeg_jpg.rf.d4962bd9149cff026f933bd4631c1b0b.jpg,640,640,eosinophil,175,0,345,170
lymphocyte-413-_jpeg_jpg.rf.d426a449bf9b4a8558329963ecc69401.jpg,640,640,lymphocyte,165,190,275,320
monocyte-436-_jpeg_jpg.rf.d3f2279b94abfaa43fc5fdabe0a3c744.jpg,640,640,monocyte,215,15,445,295
eosinophil-199-_jpeg_jpg.rf.d4393a7e21182679c70f342cf9a40f5d.jpg,640,640,eosinophil,165,410,365,640
eosinophil-110-_jpeg_jpg.rf.d52b3af5ba6c70bebdfc58789da8b11c.jpg,640,640,eosinophil,250,410,400,580
monocyte-438-_jpeg_jpg.rf.d58fb70f43a891f5eaa3c9d6bccf221d.jpg,640,640,monocyte,215,465,455,635
eosinophil-171-_jpeg_jpg.rf.d19fd81f9e9c69a7c525d44df03a85b1.jpg,640,640,eosinophil,285,120,475,400
monocyte-363-_jpeg_jpg.rf.d6dd6190d883e9610f7ce5433fc038f8.jpg,640,640,monocyte,265,30,535,280
eosinophil-215-_jpeg_jpg.rf.d16b0f086fe6ce131e4674b8a3b80231.jpg,640,640,eosinophil,205,355,405,605
lymphocyte-289-_jpeg_jpg.rf.d5ccbc5cbdc7dc29032c08a883a0299e.jpg,640,640,lymphocyte,260,480,390,640
neutrophil-96-_jpeg_jpg.rf.d3b5770227bb4cea675ef1db8cb04941.jpg,640,640,neutrophil,15,460,205,640
eosinophil-124-_jpeg_jpg.rf.d79c36384eb430cb19fb575670ccb1d2.jpg,640,640,eosinophil,285,450,475,610
lymphocyte-376-_jpeg_jpg.rf.d83f811a7a58a59b2e90842300379557.jpg,640,640,lymphocyte,300,215,430,355
eosinophil-227-_jpeg_jpg.rf.db482b07e78279674b7461299c2d9801.jpg,640,640,eosinophil,50,415,270,625
lymphocyte-380-_jpeg_jpg.rf.d85c6ed4e8e5e72aeaf6d321d499c0ee.jpg,640,640,lymphocyte,160,350,270,480
monocyte-372-_jpeg_jpg.rf.d8463d422b0d899a7060bc6fafa8831a.jpg,640,640,monocyte,280,115,460,345
lymphocyte-118-_jpeg_jpg.rf.d82b5a546da47b3be9f8ba2d6ecfa882.jpg,640,640,lymphocyte,270,295,390,455
neutrophil-578-_jpeg_jpg.rf.d76b731ed202975cc74ca074435287df.jpg,640,640,neutrophil,240,385,440,595
neutrophil-600-_jpeg_jpg.rf.d70dc018bc3e62296fe3f27e295aaeda.jpg,640,640,neutrophil,435,165,575,335
eosinophil-155-_jpeg_jpg.rf.da2a89c5351155c8e4cc2d35a9face7c.jpg,640,640,eosinophil,320,480,510,640
monocyte-417-_jpeg_jpg.rf.dfb3e5568fd462ab7323040dceed4487.jpg,640,640,monocyte,270,355,530,625
eosinophil-99-_jpeg_jpg.rf.d2c3e6bbace1518dc4e0997a8040a6f6.jpg,640,640,eosinophil,250,380,370,560
monocyte-383-_jpeg_jpg.rf.dc0bff6c2221a145da367a2289044121.jpg,640,640,monocyte,250,290,530,590
neutrophil-46-_jpeg_jpg.rf.dde3c4c070fd7dc043ccad2a938fe8c6.jpg,640,640,neutrophil,210,260,430,560
eosinophil-200-_jpeg_jpg.rf.d9fd2bf5eec1031bb42160f19c95cdc3.jpg,640,640,eosinophil,220,0,420,180
eosinophil-262-_jpeg_jpg.rf.d875735b35b45caf8c386c91beef3ef3.jpg,640,640,eosinophil,320,0,550,220
eosinophil-27-_jpeg_jpg.rf.dafa9a5cfad403efdbbf5e8a7f2f0a3c.jpg,640,640,eosinophil,275,380,485,640
neutrophil-532-_jpeg_jpg.rf.d4c3c82d1dc670b85f51629698c57035.jpg,640,640,neutrophil,245,250,435,530
neutrophil-590-_jpeg_jpg.rf.dbf394429a066aead832c8bfc6fd5d39.jpg,640,640,neutrophil,465,155,635,455
eosinophil-18-_jpeg_jpg.rf.defa4b8a21cca8f84c3d3797d37fcb0e.jpg,640,640,eosinophil,405,235,545,435
monocyte-419-_jpeg_jpg.rf.df410be1ecd8dafaefe1f01b96c025e1.jpg,640,640,monocyte,165,325,415,615
neutrophil-495-_jpeg_jpg.rf.dc5bb6efc5786d9547dc6eacd157872b.jpg,640,640,neutrophil,275,30,495,310
neutrophil-449-_jpeg_jpg.rf.dc7d6f0906d34088d0fa16222a89f570.jpg,640,640,neutrophil,310,135,520,445
neutrophil-589-_jpeg_jpg.rf.e3121be7d2cd69c1e23fe6ef2047c86d.jpg,640,640,neutrophil,335,95,535,355
lymphocyte-300-_jpeg_jpg.rf.e19890782fa17966747f58633dcb1298.jpg,640,640,lymphocyte,335,300,435,420
lymphocyte-372-_jpeg_jpg.rf.da57f2b9c5016a9d8611188b231fdf1e.jpg,640,640,lymphocyte,170,400,300,570
neutrophil-466-_jpeg_jpg.rf.e499e7b895dbb070ad1497cde1c26027.jpg,640,640,neutrophil,110,380,320,600
eosinophil-111-_jpeg_jpg.rf.e056e84f3120ca55e0cef29c8a1e29c4.jpg,640,640,eosinophil,505,245,615,405
neutrophil-536-_jpeg_jpg.rf.dfe875998b92950f40209212140b6d23.jpg,640,640,neutrophil,375,290,615,610
eosinophil-114-_jpeg_jpg.rf.e36d5e85ac7f8405136d71c9233a71e1.jpg,640,640,eosinophil,10,235,220,555
lymphocyte-399-_jpeg_jpg.rf.e37a190b57a6d58febfd511fdb8fe5af.jpg,640,640,lymphocyte,355,135,455,255
eosinophil-232-_jpeg_jpg.rf.e1cdf8364772fc85c4b1b77a53cfb628.jpg,640,640,eosinophil,395,0,515,40
monocyte-340-_jpeg_jpg.rf.e5011bebdbf8240ed902a488494dd7ee.jpg,640,640,monocyte,180,90,440,420
monocyte-487-_jpeg_jpg.rf.e3cb4100ccf9fe529f3cbca73aeaf7a3.jpg,640,640,monocyte,72,341,302,622
eosinophil-203-_jpeg_jpg.rf.e8b94b8a94de10406b8199c1130a7327.jpg,640,640,eosinophil,260,380,380,600
lymphocyte-573-_jpeg_jpg.rf.e82dd25a390dff81101b6e4db24040fb.jpg,640,640,eosinophil,344,551,496,640
neutrophil-478-_jpeg_jpg.rf.e4c0da092ed4d7b64c55e68ae3fe804e.jpg,640,640,neutrophil,145,75,275,215
neutrophil-503-_jpeg_jpg.rf.e060e749a21072d74901c08953c421ab.jpg,640,640,neutrophil,295,60,395,210
monocyte-578-_jpeg_jpg.rf.e3319822c12f72d0aa3cc467fb65de6c.jpg,640,640,monocyte,290,35,550,305
neutrophil-72-_jpeg_jpg.rf.e5c45396e3140ea25469d4204f27f0c8.jpg,640,640,neutrophil,424,285,596,518
neutrophil-598-_jpeg_jpg.rf.e61e78c17e3ba8f02887a6427a825894.jpg,640,640,neutrophil,80,215,310,565

monocyte-342-_jpeg_jpg.rf.e69348df85d72dc02646a083876d8d77.jpg,640,640,monocyte,250,0,510,310
lymphocyte-358-_jpeg_jpg.rf.ecb7e04e04656b22438cab0e4197e0c4.jpg,640,640,lymphocyte,225,225,355,365
lymphocyte-57-_jpeg_jpg.rf.f02b8ad46eaca81023cd61ce5408918d.jpg,640,640,lymphocyte,203,195,298,332
lymphocyte-271-_jpeg_jpg.rf.ec8d416a2876c457adf593dc898c22be.jpg,640,640,lymphocyte,325,265,445,405
neutrophil-69-_jpeg_jpg.rf.eb29f7fd88a61bb611e942070c2eb11c.jpg,640,640,neutrophil,200,260,370,490
eosinophil-272-_jpeg_jpg.rf.ecb63f88d6b5242406cd5ef9a5d41c13.jpg,640,640,eosinophil,155,530,335,640
neutrophil-519-_jpeg_jpg.rf.ed30180c3541cd40b369f4f7763427ab.jpg,640,640,neutrophil,425,255,615,505
eosinophil-241-_jpeg_jpg.rf.ec9208d698ef7afbd8505871affd9f82.jpg,640,640,eosinophil,440,0,630,80
neutrophil-570-_jpeg_jpg.rf.ed854ea186099bd01b826c242ac9b174.jpg,640,640,neutrophil,185,55,405,355
neutrophil-569-_jpeg_jpg.rf.ee300ac9c49a43225bb2bdf9c81cdfa9.jpg,640,640,neutrophil,440,290,630,490
lymphocyte-326-_jpeg_jpg.rf.ed1760fa51498da6d9f42518480c8735.jpg,640,640,lymphocyte,185,275,285,415
monocyte-358-_jpeg_jpg.rf.eef40d8f75f025e358b140cc1b7aef2d.jpg,640,640,monocyte,125,280,355,560
monocyte-68-_jpeg_jpg.rf.ee3013c5f3f3907a8441f65a88a33209.jpg,640,640,monocyte,165,110,425,430
monocyte-374-_jpeg_jpg.rf.eea394db533b0e5ab1dcb0e57a727918.jpg,640,640,monocyte,135,70,405,380
neutrophil-505-_jpeg_jpg.rf.ee0557cdbe6e9da3d1693c8395270dda.jpg,640,640,neutrophil,260,185,410,365
monocyte-343-_jpeg_jpg.rf.f0b749c9701bfe9f59b3d4213e14a709.jpg,640,640,monocyte,280,340,510,640
neutrophil-59-_jpeg_jpg.rf.f0689324d1dd8d6c91a7163b1afd47ca.jpg,640,640,neutrophil,510,250,640,540
monocyte-62-_jpeg_jpg.rf.f2bc81dd3b4b8fb3341325dc2da53442.jpg,640,640,monocyte,145,55,415,355
lymphocyte-100-_jpeg_jpg.rf.f24e327beea4de6557dd3c5c76cecec8.jpg,640,640,lymphocyte,140,415,230,555
neutrophil-475-_jpeg_jpg.rf.f0f9032a5b06827885b8ad630dd83f11.jpg,640,640,neutrophil,295,200,425,400
monocyte-365-_jpeg_jpg.rf.f2be99e8805b4774b3be269cb5f02c79.jpg,640,640,monocyte,300,10,470,210
monocyte-486-_jpeg_jpg.rf.ea8a8f042589203c40577a4d4a8babf1.jpg,640,640,monocyte,56,23,314,287
monocyte-441-_jpeg_jpg.rf.f177ea5e96eaa90f3c57ae6b52dc53f9.jpg,640,640,monocyte,265,90,485,380
neutrophil-9-_jpeg_jpg.rf.f363dce8c540481e6d486cf54ddd1d36.jpg,640,640,neutrophil,110,0,240,130
eosinophil-180-_jpeg_jpg.rf.f38dad2f9fb92a8ae205d93159d570a8.jpg,640,640,eosinophil,275,450,445,620
monocyte-440-_jpeg_jpg.rf.f22dee09ee3425c2d604d23f5dcf1cae.jpg,640,640,monocyte,125,410,405,640
eosinophil-228-_jpeg_jpg.rf.f395d76ecf276caf678d9e8d8c0d8a0b.jpg,640,640,eosinophil,135,0,365,220
monocyte-600-_jpeg_jpg.rf.f2de43a31cb80171be3e0d68a4233435.jpg,640,640,monocyte,215,340,395,560
eosinophil-235-_jpeg_jpg.rf.f5352e6e68854b4ef33d4f93a1a85f96.jpg,640,640,eosinophil,125,165,325,445
neutrophil-547-_jpeg_jpg.rf.f157ddb67eae3a7ab289c647df586a6d.jpg,640,640,neutrophil,125,255,305,515
eosinophil-198-_jpeg_jpg.rf.f342384aaaeac41a3d16fda9b1c2c56a.jpg,640,640,eosinophil,250,50,400,230
neutrophil-6-_jpeg_jpg.rf.f4825adac437ed061243ca1b23393431.jpg,640,640,neutrophil,270,85,510,425
neutrophil-459-_jpeg_jpg.rf.f3b5816e831f20b926f4041ac3160000.jpg,640,640,neutrophil,55,220,185,410
lymphocyte-121-_jpeg_jpg.rf.f4d3f7b6d096db886a93261733d17f7a.jpg,640,640,lymphocyte,265,500,375,640
monocyte-577-_jpeg_jpg.rf.f536c8b3e949346b5297667dd86e5526.jpg,640,640,monocyte,270,385,440,605
eosinophil-208-_jpeg_jpg.rf.f7e29fbb91ea4f029948b15ae0e4057d.jpg,640,640,eosinophil,240,510,420,640
neutrophil-90-_jpeg_jpg.rf.f7b856088d5381937ba152b2f2980bdf.jpg,640,640,neutrophil,95,340,295,640
eosinophil-188-_jpeg_jpg.rf.f780089182d652406877688f6435e4a9.jpg,640,640,eosinophil,320,30,470,210
lymphocyte-371-_jpeg_jpg.rf.f653c1f3ec20860059f5b942a8a21931.jpg,640,640,lymphocyte,250,230,360,360
monocyte-445-_jpeg_jpg.rf.fa8a67c69a11a71809d2459cce2e9241.jpg,640,640,monocyte,210,15,490,265
lymphocyte-278-_jpeg_jpg.rf.f8a4f998e7a2f3577e0bcaf584394048.jpg,640,640,lymphocyte,300,5,420,215
eosinophil-242-_jpeg_jpg.rf.f6729bc6356a3cec65aea1ce248d9616.jpg,640,640,eosinophil,355,35,485,255
eosinophil-146-_jpeg_jpg.rf.fa659a9e8605bce44251ad44fbfe6bf4.jpg,640,640,eosinophil,320,500,510,640
neutrophil-452-_jpeg_jpg.rf.f593ee0dab0c888047e2b05e72ac34fe.jpg,640,640,neutrophil,285,105,495,385
neutrophil-74-_jpeg_jpg.rf.f7d9848928dba112ae1ab3b7f4b6c3cf.jpg,640,640,neutrophil,0,233,192,568
eosinophil-265-_jpeg_jpg.rf.f94645117cbbb177a67b9fd71a202289.jpg,640,640,eosinophil,10,475,150,635
neutrophil-522-_jpeg_jpg.rf.fc06464085c76b47438e40e42ab127b1.jpg,640,640,neutrophil,370,125,590,365
lymphocyte-274-_jpeg_jpg.rf.fa717abd2c198213c70c5c65eb4993c9.jpg,640,640,lymphocyte,270,255,400,395
lymphocyte-408-_jpeg_jpg.rf.fa70686cec551ad4921e02a9431ee819.jpg,640,640,lymphocyte,270,30,390,170
monocyte-335-_jpeg_jpg.rf.f9cb77ce2b505750e0106f698b9485f6.jpg,640,640,monocyte,250,325,540,625
lymphocyte-403-_jpeg_jpg.rf.fb5139d381c48e428e8e064c218dc67d.jpg,640,640,lymphocyte,310,500,440,640
eosinophil-213-_jpeg_jpg.rf.fe1009722d58809cefce6a99be70c9f4.jpg,640,640,eosinophil,200,0,410,270
eosinophil-277-_jpeg_jpg.rf.fd17c763da0d4533db4f499c5f03324c.jpg,640,640,eosinophil,470,330,590,510
monocyte-406-_jpeg_jpg.rf.fb3733d2a33282c45f9b11ec8c0eb962.jpg,640,640,monocyte,305,30,485,250
lymphocyte-112-_jpeg_jpg.rf.fdafb49191d3045a7e9b9da87ef5fe5a.jpg,640,640,lymphocyte,345,270,455,410
monocyte-414-_jpeg_jpg.rf.fd5f864b11aec954ccd5dca363b722a6.jpg,640,640,monocyte,175,230,425,570
monocyte-616-_jpeg_jpg.rf.ff10671322f2a25b6f82bc17b16dd7ce.jpg,640,640,monocyte,295,390,545,630
lymphocyte-317-_jpeg_jpg.rf.fab9370d42ec5ae220b0cbc6a9fdb449.jpg,640,640,lymphocyte,185,340,295,460
monocyte-597-_jpeg_jpg.rf.f6a0219f62d4b0315b5d3154a95da0d0.jpg,640,640,monocyte,165,10,415,250
monocyte-439-_jpeg_jpg.rf.fdb624a9767b4d7076e510c56004f8f6.jpg,640,640,monocyte,260,430,440,640
eosinophil-150-_jpeg_jpg.rf.fcda684387a1bbad7a80221b5002441d.jpg,640,640,eosinophil,225,270,415,540
monocyte-64-_jpeg_jpg.rf.fd0cdb64fd3681e6ef094697a0df8a34.jpg,640,640,monocyte,70,30,340,290
neutrophil-620-_jpeg_jpg.rf.fffab820861c605262bd087a00b80f3b.jpg,640,640,neutrophil,470,185,640,485
neutrophil-49-_jpeg_jpg.rf.ffb052b765235ea04a9a52185b8ad2f5.jpg,640,640,neutrophil,35,155,155,335
neutrophil-579-_jpeg_jpg.rf.009c6e5bf40ebf619180c632f71dbf5b.jpg,640,640,neutrophil,120,130,260,290
lymphocyte-311-_jpeg_jpg.rf.024de920f1b54d82bd006e64719b1d42.jpg,640,640,lymphocyte,185,210,295,340
lymphocyte-117-_jpeg_jpg.rf.0097e27a3009ad7a2a1af796a52731d3.jpg,640,640,lymphocyte,290,25,400,225
neutrophil-616-_jpeg_jpg.rf.003ccfabe9a60ccac42545161ae1e887.jpg,640,640,eosinophil,540,400,640,630
lymphocyte-361-_jpeg_jpg.rf.015d369f7b21cb82d6308d643b8d4338.jpg,640,640,lymphocyte,175,275,285,395
monocyte-477-_jpeg_jpg.rf.029dc766a8f1f41c7f519d5c76f95be9.jpg,640,640,monocyte,196,73,439,393
neutrophil-530-_jpeg_jpg.rf.03378c72554ce54874e80511ef2f8fe2.jpg,640,640,neutrophil,255,445,365,635
neutrophil-582-_jpeg_jpg.rf.025622552f014eba5176af4436b4c806.jpg,640,640,neutrophil,180,245,350,465
lymphocyte-115-_jpeg_jpg.rf.03fabae36af421c8165f3388d33bc3d3.jpg,640,640,lymphocyte,215,150,315,290
eosinophil-427-_jpeg_jpg.rf.02c2772a856d2edb1a510e130f5d66c7.jpg,640,640,eosinophil,215,255,415,525
lymphocyte-341-_jpeg_jpg.rf.05c38cf6ed5668ca07832cfd319dffc4.jpg,640,640,lymphocyte,250,460,380,630
eosinophil-24-_jpeg_jpg.rf.06a95f6a79c0cc25d3fefed3ade6e82d.jpg,640,640,eosinophil,230,120,370,340
lymphocyte-110-_jpeg_jpg.rf.07972b4a846ca86c4107c0b0c5a080d1.jpg,640,640,lymphocyte,285,520,405,640
lymphocyte-38-_jpeg_jpg.rf.07b1abfe055701a4900a32c88fd88c7e.jpg,640,640,lymphocyte,265,195,395,335
lymphocyte-331-_jpeg_jpg.rf.08b1c97f787ebbc750bfc723b9444253.jpg,640,640,lymphocyte,385,190,505,340
monocyte-620-_jpeg_jpg.rf.0285b3cf4dbd4c114f5adeb428a9d06f.jpg,640,640,monocyte,145,410,315,630
neutrophil-612-_jpeg_jpg.rf.07a90583d3d17200863f64ecbecbcb99.jpg,640,640,neutrophil,120,5,340,235
monocyte-394-_jpeg_jpg.rf.0638cea3396b35e288c6fb1b5b1e0ab0.jpg,640,640,monocyte,140,415,320,635
lymphocyte-419-_jpeg_jpg.rf.09c9fad329ec7910ee9f9a0bd0437494.jpg,640,640,lymphocyte,170,225,300,365
eosinophil-247-_jpeg_jpg.rf.098ed6775e40059b17ee59cdadb48bb0.jpg,640,640,eosinophil,30,510,150,630
lymphocyte-415-_jpeg_jpg.rf.0a700e283987c910eed554db9c195e06.jpg,640,640,lymphocyte,430,240,530,350
monocyte-456-_jpeg_jpg.rf.057b61812b771a35d5af44ce012e7d94.jpg,640,640,monocyte,235,280,505,600
neutrophil-586-_jpeg_jpg.rf.0b58d67e525563e7403f84c6a9bd9ef6.jpg,640,640,neutrophil,290,110,530,470
eosinophil-214-_jpeg_jpg.rf.0c70d035334e772dc9aa265907b16559.jpg,640,640,eosinophil,5,265,95,445
lymphocyte-321-_jpeg_jpg.rf.0a148d903e324f3adba4fa4ee1bd907e.jpg,640,640,lymphocyte,245,430,385,590
neutrophil-481-_jpeg_jpg.rf.0a6333fb1af9447082cee974a44f775e.jpg,640,640,neutrophil,440,260,590,550
neutrophil-479-_jpeg_jpg.rf.0c3520b9009e45b61946ce4476d49355.jpg,640,640,neutrophil,235,10,445,260
neutrophil-516-_jpeg_jpg.rf.0ea1b017036c985f063f9bfb03d185a2.jpg,640,640,neutrophil,250,5,460,215
neutrophil-548-_jpeg_jpg.rf.0cff3d5c63e29b9e2be6c1987f8342e9.jpg,640,640,neutrophil,325,5,515,155
monocyte-411-_jpeg_jpg.rf.07d386327b91c43f249cc14f0ac98dd2.jpg,640,640,monocyte,140,75,390,315
eosinophil-163-_jpeg_jpg.rf.0d5fbe455c58b658773fe6975594670a.jpg,640,640,eosinophil,200,15,420,235
monocyte-398-_jpeg_jpg.rf.11650edc089726d6275a82c69d72d12a.jpg,640,640,monocyte,185,280,455,600
monocyte-404-_jpeg_jpg.rf.09f67c9bb6da06c8f081d4d0f8d78c50.jpg,640,640,monocyte,270,30,500,330
lymphocyte-395-_jpeg_jpg.rf.0c21da64062e7a6f95cb22af0d4582d8.jpg,640,640,lymphocyte,135,230,235,350
monocyte-71-_jpeg_jpg.rf.0e710113dfccebbf5ff72baa8d39b693.jpg,640,640,monocyte,225,25,405,235
lymphocyte-364-_jpeg_jpg.rf.09f30bfa9c291ac8d505bd707f5921c1.jpg,640,640,lymphocyte,225,230,335,370
lymphocyte-39-_jpeg_jpg.rf.0f2b9f365eb9539c63d61d47299d7732.jpg,640,640,lymphocyte,130,380,240,490
neutrophil-584-_jpeg_jpg.rf.0c8a4bf64b70a6346033d95d1929a16c.jpg,640,640,neutrophil,155,100,345,370
neutrophil-461-_jpeg_jpg.rf.0b8accb16ef4291a10c74c4c4f5e7b5f.jpg,640,640,neutrophil,75,325,245,615
neutrophil-54-_jpeg_jpg.rf.0eecf625c0c61459d011e70b3a89e2d9.jpg,640,640,neutrophil,30,360,240,640
monocyte-615-_jpeg_jpg.rf.0b302f8bd4dc4ec292552aa1b5d738b5.jpg,640,640,monocyte,285,335,515,635
lymphocyte-108-_jpeg_jpg.rf.0ef88c0f83d5a7d7dd2f1c32b541f5b5.jpg,640,640,lymphocyte,275,295,405,465
lymphocyte-330-_jpeg_jpg.rf.12975e3b03509400f8ae2ef6ec6b994b.jpg,640,640,lymphocyte,415,260,525,390
eosinophil-178-_jpeg_jpg.rf.0eacd88f8fe7eddb7d2ba24516dcfa8e.jpg,640,640,eosinophil,250,380,390,600
neutrophil-540-_jpeg_jpg.rf.118c9e6deceb3f97b3438abc805e366e.jpg,640,640,neutrophil,40,400,250,640
neutrophil-564-_jpeg_jpg.rf.134afe2939e6a69d3555c4b7445c4049.jpg,640,640,neutrophil,285,380,525,640
neutrophil-546-_jpeg_jpg.rf.174ceac5fcf8f601e629e36bcd8f4ca4.jpg,640,640,neutrophil,125,185,335,495
monocyte-346-_jpeg_jpg.rf.16a745720f3f2a88642409d5da812f65.jpg,640,640,monocyte,310,310,600,640
eosinophil-189-_jpeg_jpg.rf.0d737301376095c5d1300ddffdcec7bc.jpg,640,640,eosinophil,385,211,522,379
neutrophil-601-_jpeg_jpg.rf.136e3292b7b03d5d63386bee26f6a34a.jpg,640,640,neutrophil,135,400,335,640
lymphocyte-305-_jpeg_jpg.rf.17f3d515755b3a9f32d4686beba7ea60.jpg,640,640,lymphocyte,430,25,550,175
neutrophil-574-_jpeg_jpg.rf.0b573513c6c8bc308f2d953d4edb8391.jpg,640,640,neutrophil,220,90,340,250
lymphocyte-32-_jpeg_jpg.rf.0b929138a895f3b545088f0080752912.jpg,640,640,lymphocyte,200,395,330,595
lymphocyte-384-_jpeg_jpg.rf.197d2fbadac7328d630dc8197ec8c2c6.jpg,640,640,lymphocyte,325,0,445,120
eosinophil-158-_jpeg_jpg.rf.12a9036ea909ee5905dd9c299d409c4d.jpg,640,640,eosinophil,440,195,570,385
lymphocyte-378-_jpeg_jpg.rf.19c5dfff61ea5a27138dded1ddfcee03.jpg,640,640,lymphocyte,155,245,255,365
eosinophil-142-_jpeg_jpg.rf.18a5f3ecc644d680a8f0ecb6babd9585.jpg,640,640,eosinophil,210,45,400,205
neutrophil-473-_jpeg_jpg.rf.1b18c53a7b9c3d4fa67c062888971bbb.jpg,640,640,neutrophil,115,115,265,315
lymphocyte-322-_jpeg_jpg.rf.19e0941d0c3e3be3ab0161d3ef592b4a.jpg,640,640,lymphocyte,465,185,585,335
neutrophil-76-_jpeg_jpg.rf.183baff85e076cd21556d5947d4b4de0.jpg,640,640,neutrophil,260,495,400,640
eosinophil-162-_jpeg_jpg.rf.1a67bb0f4186861bbe6475c9e5c48f00.jpg,640,640,eosinophil,320,285,500,545
eosinophil-105-_jpeg_jpg.rf.1d7f7fe2b5946d28dfb93813a0cec28d.jpg,640,640,eosinophil,270,510,460,640
monocyte-611-_jpeg_jpg.rf.1b3f8fe094d89b715c81adce72501d25.jpg,640,640,monocyte,225,45,475,385
neutrophil-559-_jpeg_jpg.rf.1a876ed00121c97cb4faaec77a973d3a.jpg,640,640,neutrophil,45,115,235,385
neutrophil-454-_jpeg_jpg.rf.1bdaf539aae6c9427d78dd0f4085ef3f.jpg,640,640,neutrophil,120,260,270,440
lymphocyte-1-_jpeg_jpg.rf.1c9e35f51957e46bd922b41d6517177d.jpg,640,640,lymphocyte,235,25,365,245
neutrophil-605-_jpeg_jpg.rf.17062ba2133e195a0ecafa838a005289.jpg,640,640,neutrophil,75,100,255,310
lymphocyte-574-_jpeg_jpg.rf.1ef85f6047294123b4e7b9547800ba24.jpg,640,640,lymphocyte,365,340,452,448
neutrophil-84-_jpeg_jpg.rf.1e0f87a6ab4be3e27a05f2846e33b92f.jpg,640,640,neutrophil,190,245,370,485
neutrophil-583-_jpeg_jpg.rf.1ffc912ac5b46f127902bd776462327b.jpg,640,640,neutrophil,240,380,470,640
lymphocyte-306-_jpeg_jpg.rf.2080c9c52a9060eb05997d4fb4460e83.jpg,640,640,lymphocyte,195,370,325,610
monocyte-381-_jpeg_jpg.rf.1ec016c33793630da153acee34fe8e70.jpg,640,640,monocyte,225,20,455,310
monocyte-70-_jpeg_jpg.rf.20ca6785abe3e10b5f6068629a46c8e7.jpg,640,640,monocyte,210,5,490,175
lymphocyte-344-_jpeg_jpg.rf.1fe2d2d5432fda33b773c52a6bcad649.jpg,640,640,lymphocyte,395,125,495,265
neutrophil-539-_jpeg_jpg.rf.201bd9cdc374b648631c963c4eeb4c17.jpg,640,640,neutrophil,250,50,460,350
neutrophil-523-_jpeg_jpg.rf.2123f7158802180db30140f4ecfc77b6.jpg,640,640,neutrophil,345,310,535,600
eosinophil-197-_jpeg_jpg.rf.1a9cccb411734b76502f542d67a08dac.jpg,640,640,eosinophil,190,0,370,190
neutrophil-541-_jpeg_jpg.rf.2106bc8140f64e676e6f18ff7962d211.jpg,640,640,neutrophil,350,0,460,110
eosinophil-43-_jpeg_jpg.rf.1d7f00c590eb57004a9b5353bfc8ada3.jpg,640,640,eosinophil,570,150,640,290
eosinophil-254-_jpeg_jpg.rf.25c8745697f40e14f15f0b612d721a81.jpg,640,640,eosinophil,5,60,205,280
monocyte-34-_jpeg_jpg.rf.21ee804f49107f2e6aca9959658be4bc.jpg,640,640,monocyte,135,0,395,300
neutrophil-518-_jpeg_jpg.rf.2024950d0c10e1b8d2d36cfa8df8e9b6.jpg,640,640,neutrophil,220,355,410,605
eosinophil-1-_jpeg_jpg.rf.2571ca510fc031e05133e82b7d3de7b4.jpg,640,640,eosinophil,43,421,148,574
monocyte-341-_jpeg_jpg.rf.25c7e69873e346809b271d263c37b781.jpg,640,640,monocyte,145,405,415,635
neutrophil-485-_jpeg_jpg.rf.23a608331a8a35d534ed1bc242b5c7db.jpg,640,640,neutrophil,195,245,375,485
neutrophil-497-_jpeg_jpg.rf.27e5820a05805dc23e458bfbcde530a9.jpg,640,640,neutrophil,160,60,350,340
lymphocyte-33-_jpeg_jpg.rf.239e8e4ae5b7f4dd2a21c726cac01fc7.jpg,640,640,lymphocyte,215,305,345,445
eosinophil-182-_jpeg_jpg.rf.24599162a64e2758c09b27aab080ee64.jpg,640,640,eosinophil,35,530,165,640
lymphocyte-294-_jpeg_jpg.rf.28f26d926c3ab07d79b8d05f1cc91ea8.jpg,640,640,lymphocyte,215,255,325,385
monocyte-65-_jpeg_jpg.rf.25da1b584e68e9f374d77499ae9d542f.jpg,640,640,monocyte,255,0,485,270
neutrophil-55-_jpeg_jpg.rf.206139003f100f9ad6924e85c5acfc3a.jpg,640,640,neutrophil,340,35,580,365
neutrophil-53-_jpeg_jpg.rf.29397476a2bc672971c49c78033c5f89.jpg,640,640,neutrophil,355,275,565,555
eosinophil-184-_jpeg_jpg.rf.27cdc573666662710e4c478109308eb4.jpg,640,640,eosinophil,400,270,530,460
eosinophil-138-_jpeg_jpg.rf.29118c058318f234132fef1cd1c9e68b.jpg,640,640,eosinophil,30,480,200,640
lymphocyte-292-_jpeg_jpg.rf.2aca5c4c6e160fad5c72a7f779aaf727.jpg,640,640,lymphocyte,345,210,475,350
monocyte-397-_jpeg_jpg.rf.24102612a97cb4060ba447c239f12fff.jpg,640,640,monocyte,125,30,385,320
eosinophil-137-_jpeg_jpg.rf.29cceb42c63c7126c8bcfe6697f1f25c.jpg,640,640,eosinophil,5,60,165,230
lymphocyte-280-_jpeg_jpg.rf.291c7401f92db17fd20cf67acd6a993d.jpg,640,640,lymphocyte,265,5,385,135
neutrophil-94-_jpeg_jpg.rf.2e3da417069ed4196062eb080cdcdcbf.jpg,640,640,neutrophil,420,10,640,250
monocyte-386-_jpeg_jpg.rf.2b209823c3cd46cf2e349ec76c20821f.jpg,640,640,monocyte,180,355,440,615
lymphocyte-297-_jpeg_jpg.rf.2a5d7c7b763ab5a63140b33aca521425.jpg,640,640,lymphocyte,370,255,480,395
monocyte-448-_jpeg_jpg.rf.2a2cf8b596bd0b3e5e3c24bf55d598bc.jpg,640,640,monocyte,165,60,425,380
eosinophil-219-_jpeg_jpg.rf.277eb93b88e2569d7e491c60ea3a1eac.jpg,640,640,eosinophil,360,50,520,220
neutrophil-468-_jpeg_jpg.rf.2eeac47ccef0b727e3a2a68faa7d9f90.jpg,640,640,neutrophil,345,220,535,490
monocyte-66-_jpeg_jpg.rf.2d32965bae0168bca0f849bc96ef6d2f.jpg,640,640,monocyte,70,5,350,265
lymphocyte-402-_jpeg_jpg.rf.2db99a9500ebea55ebaf97fe80656fb4.jpg,640,640,lymphocyte,425,265,535,385
neutrophil-93-_jpeg_jpg.rf.293af333cf7f2284b1426f27d8928bcb.jpg,640,640,neutrophil,0,200,150,460
neutrophil-544-_jpeg_jpg.rf.2b97b79661d3e3b34b8a57cd258708e9.jpg,640,640,neutrophil,300,235,510,525
neutrophil-460-_jpeg_jpg.rf.2ee36660057171f5036dd6cc105df7ac.jpg,640,640,neutrophil,225,15,435,325
lymphocyte-346-_jpeg_jpg.rf.1f23dea22953427affb4c148c4eb309e.jpg,640,640,lymphocyte,345,135,465,285
eosinophil-119-_jpeg_jpg.rf.2b66de83d3c9ee2879ac399f8ee66217.jpg,640,640,eosinophil,375,10,535,70
eosinophil-270-_jpeg_jpg.rf.271f4e963ea23f878935adea3511b00f.jpg,640,640,eosinophil,210,195,400,485
monocyte-385-_jpeg_jpg.rf.2edd63665e2d44dcf8274dae64799659.jpg,640,640,monocyte,275,85,525,415
eosinophil-167-_jpeg_jpg.rf.2edd42e0f5098dd935f3c08e0b41b142.jpg,640,640,eosinophil,165,105,355,395
eosinophil-102-_jpeg_jpg.rf.3573b031bd08635c5dc43d6621c4c6e8.jpg,640,640,eosinophil,205,346,407,640
monocyte-395-_jpeg_jpg.rf.330454d94753b1c3191abd1f1ebd5b56.jpg,640,640,monocyte,180,245,460,555
lymphocyte-113-_jpeg_jpg.rf.293c13f9ee1c8c3d70eaeeb8f440f162.jpg,640,640,lymphocyte,315,380,405,500
neutrophil-623-_jpeg_jpg.rf.365d2eabe27f4b5293be0bbc505b7949.jpg,640,640,neutrophil,145,10,365,320
neutrophil-450-_jpeg_jpg.rf.31a5aeb4778696f706fe74bfaedf5cc2.jpg,640,640,neutrophil,325,35,535,295
eosinophil-233-_jpeg_jpg.rf.32dfba650c9879da47ef6cde6d869af7.jpg,640,640,eosinophil,320,0,500,140
eosinophil-185-_jpeg_jpg.rf.243291a07618e863f81c88f208a0444c.jpg,640,640,eosinophil,120,5,310,145
eosinophil-125-_jpeg_jpg.rf.32fcbbc8f6a7923d7dd9f441c5ee8b30.jpg,640,640,eosinophil,190,340,380,640
lymphocyte-313-_jpeg_jpg.rf.36fc6107a217c77c9cd95cc725105b78.jpg,640,640,lymphocyte,330,240,440,360
monocyte-37-_jpeg_jpg.rf.36dc45a9dabb8e95c3363311440e03b5.jpg,640,640,monocyte,155,300,385,590
monocyte-344-_jpeg_jpg.rf.33bf7b0855901e4fe1085a378fecf1a0.jpg,640,640,monocyte,225,20,455,320
lymphocyte-577-_jpeg_jpg.rf.36b67154e57283bc458c077b455b89b3.jpg,640,640,lymphocyte,226,285,325,422
eosinophil-216-_jpeg_jpg.rf.391eb8b8b475670843af6233ee517e91.jpg,640,640,eosinophil,285,30,465,250
neutrophil-75-_jpeg_jpg.rf.377dc999fac70f92ab44b6a71639f547.jpg,640,640,neutrophil,149,204,333,467
eosinophil-148-_jpeg_jpg.rf.38e140e4f5135991c35c3e0dd8b09fe8.jpg,640,640,eosinophil,100,270,250,460
monocyte-484-_jpeg_jpg.rf.343c6ee39cdc1f203bf4e9ff0971451c.jpg,640,640,monocyte,245,87,465,374
monocyte-400-_jpeg_jpg.rf.32aa1fe3be21eff8d8b639a2e86caec2.jpg,640,640,monocyte,105,385,275,615
neutrophil-489-_jpeg_jpg.rf.316cdf5b9a0b502e53abf2ce5c15e315.jpg,640,640,neutrophil,40,50,180,210
monocyte-349-_jpeg_jpg.rf.325866193ef8abae6ba65e05d86b4d01.jpg,640,640,monocyte,350,440,520,640
lymphocyte-284-_jpeg_jpg.rf.36246701d679bcabb7f94fa67f66885a.jpg,640,640,lymphocyte,310,320,420,430
neutrophil-64-_jpeg_jpg.rf.386e8b952d3d48a7af5d0609ee660a44.jpg,640,640,neutrophil,175,315,365,595
lymphocyte-387-_jpeg_jpg.rf.3a2f1fd0f5633fc1d0f96d1804142424.jpg,640,640,lymphocyte,380,330,500,480
eosinophil-220-_jpeg_jpg.rf.3827db9aed7521385546603c0ab24614.jpg,640,640,eosinophil,515,70,635,200
monocyte-48-_jpeg_jpg.rf.38d4ab6ebbbae43fac207908928b6eb6.jpg,640,640,monocyte,152,371,366,640
neutrophil-529-_jpeg_jpg.rf.3b85cd26589835068624660c3ebe1346.jpg,640,640,neutrophil,180,530,320,640
eosinophil-201-_jpeg_jpg.rf.31cd310439b6df3d5d0b22d331c50615.jpg,640,640,eosinophil,505,215,595,375
lymphocyte-111-_jpeg_jpg.rf.3b52646b4768871e4d19f2fc775a3ab1.jpg,640,640,lymphocyte,215,415,335,575
monocyte-389-_jpeg_jpg.rf.3c08bc41ae6a0ac66a18404705651e3e.jpg,640,640,monocyte,190,350,420,630
monocyte-402-_jpeg_jpg.rf.3a81ed72309f9843b1e25524a5140304.jpg,640,640,monocyte,180,380,460,640
lymphocyte-312-_jpeg_jpg.rf.392d6ed66c1e5929a11cbd576d44fc81.jpg,640,640,lymphocyte,300,240,410,380
lymphocyte-360-_jpeg_jpg.rf.39ce6bf1a439edf5e94f730f7e476fe6.jpg,640,640,lymphocyte,210,0,370,100
neutrophil-47-_jpeg_jpg.rf.3d930c2d7e7b2d35a16fc8e41b559860.jpg,640,640,neutrophil,430,170,640,540
monocyte-415-_jpeg_jpg.rf.3d58b817cdf911bfe2991f04b7328746.jpg,640,640,monocyte,215,300,455,600
eosinophil-246-_jpeg_jpg.rf.3a181393a1a9498dbf86d6cf14f7bf96.jpg,640,640,eosinophil,0,130,50,280
neutrophil-542-_jpeg_jpg.rf.3aacc6bdf0189ca04aafbb8ba059b31c.jpg,640,640,neutrophil,85,0,295,210
eosinophil-115-_jpeg_jpg.rf.3e0a757eead5c97d3b5ece972307d205.jpg,640,640,eosinophil,200,375,410,615
lymphocyte-571-_jpeg_jpg.rf.3d1534378b4167c368f3d0508961a031.jpg,640,640,lymphocyte,90,220,195,356
neutrophil-7-_jpeg_jpg.rf.3d8638be6087ffd9318d90956f537a43.jpg,640,640,neutrophil,114,2,317,230
monocyte-446-_jpeg_jpg.rf.3c751982bc223867e6832e8c0b7b6f26.jpg,640,640,monocyte,200,285,450,615
neutrophil-71-_jpeg_jpg.rf.3eaab0eb7271cab640caff864c400763.jpg,640,640,neutrophil,146,196,346,470
monocyte-408-_jpeg_jpg.rf.3e999fa7de79835b893caefeb690f643.jpg,640,640,monocyte,220,80,480,430
monocyte-595-_jpeg_jpg.rf.3ef6d4b1dc9da7963b1fbfda7df29a40.jpg,640,640,monocyte,145,295,325,525
monocyte-444-_jpeg_jpg.rf.3ddf4b536f813b5d0a9133a4edef485b.jpg,640,640,monocyte,120,360,340,640
monocyte-359-_jpeg_jpg.rf.3c0871360848e77665ef5298857c7f83.jpg,640,640,monocyte,195,90,365,310
eosinophil-186-_jpeg_jpg.rf.404b35b90664b6db3ebfe5b709d1e38c.jpg,640,640,eosinophil,265,405,415,625
lymphocyte-420-_jpeg_jpg.rf.3ecf27b50c58804e4e5171632767d2e2.jpg,640,640,lymphocyte,195,220,325,390
lymphocyte-406-_jpeg_jpg.rf.3dcc208fa896db2bb298f3848beedebb.jpg,640,640,lymphocyte,360,370,470,510
neutrophil-77-_jpeg_jpg.rf.3ba7c4d5e67af956c3af07c2216c7e1c.jpg,640,640,neutrophil,436,167,619,418
neutrophil-467-_jpeg_jpg.rf.3ff399d8d27e160932e54ef1c6f0db5d.jpg,640,640,neutrophil,395,150,595,450
monocyte-598-_jpeg_jpg.rf.3f465f490f90f7f6647c90dec2d3c816.jpg,640,640,monocyte,195,370,415,640
neutrophil-545-_jpeg_jpg.rf.45c40cb359a8603f359aa6d68b4294d8.jpg,640,640,neutrophil,445,405,605,575
lymphocyte-327-_jpeg_jpg.rf.436ae433dfd383d4a79fce46d94af225.jpg,640,640,lymphocyte,430,315,530,465
neutrophil-603-_jpeg_jpg.rf.419962bb15477773596b75bbc6860605.jpg,640,640,neutrophil,70,275,200,455
lymphocyte-343-_jpeg_jpg.rf.40db10a77913d1a5f3fb26bf22386f2e.jpg,640,640,lymphocyte,295,420,425,640
lymphocyte-332-_jpeg_jpg.rf.454451d39c7556f17a741f51de23316e.jpg,640,640,lymphocyte,175,220,275,340
monocyte-413-_jpeg_jpg.rf.49e0a2a72cda0b8d1bcf12c83bb0b800.jpg,640,640,monocyte,180,15,410,305
lymphocyte-350-_jpeg_jpg.rf.4092c36ec8f8fb2e269a0c20128f58e6.jpg,640,640,lymphocyte,435,415,555,565
neutrophil-572-_jpeg_jpg.rf.41f8257cb342240ae0489d55fde78d67.jpg,640,640,neutrophil,210,335,390,635
lymphocyte-363-_jpeg_jpg.rf.451f9ad76387cbf041df0801f67ad903.jpg,640,640,lymphocyte,150,285,250,405
monocyte-387-_jpeg_jpg.rf.4258a2091026ebeb81f9d66d49425585.jpg,640,640,monocyte,150,5,410,225
neutrophil-527-_jpeg_jpg.rf.4a1ae7e7e672ff5252a43b10b78dc905.jpg,640,640,neutrophil,270,235,470,525
neutrophil-524-_jpeg_jpg.rf.48d25454333c8b0a9dca5dca62328343.jpg,640,640,neutrophil,185,285,415,605
eosinophil-255-_jpeg_jpg.rf.4272ae476157d8cde183871f355e7b5e.jpg,640,640,eosinophil,0,0,90,30
eosinophil-122-_jpeg_jpg.rf.4366a087bbfa1d10f78d460c2c1bdab5.jpg,640,640,eosinophil,105,325,255,525
neutrophil-87-_jpeg_jpg.rf.4184eda48db166a86c05c491285c7fc6.jpg,640,640,neutrophil,225,135,395,355
monocyte-418-_jpeg_jpg.rf.49ad898e62113f412f9df0d0fbca0a66.jpg,640,640,monocyte,260,10,430,230
monocyte-379-_jpeg_jpg.rf.471c57b5218e2cb2fde911bc11763eea.jpg,640,640,monocyte,120,280,390,580
monocyte-60-_jpeg_jpg.rf.46f8e7655a5ad1f00228bc2397ebce3e.jpg,640,640,monocyte,265,290,525,620
eosinophil-143-_jpeg_jpg.rf.405f7eb787f4fd6212ce6dfb213dd730.jpg,640,640,eosinophil,310,10,520,260
neutrophil-594-_jpeg_jpg.rf.42a074347d1f159879de0c98e7235f83.jpg,640,640,neutrophil,60,205,280,515
neutrophil-469-_jpeg_jpg.rf.4679b3c52340bc53e6eedb6f20d81a1d.jpg,640,640,neutrophil,155,340,345,630
monocyte-481-_jpeg_jpg.rf.49b5610212794b2eaf43daff3deb9107.jpg,640,640,monocyte,308,360,540,628
monocyte-617-_jpeg_jpg.rf.476b51c890367a3409ce78a3cf97c806.jpg,640,640,monocyte,170,5,430,335
eosinophil-157-_jpeg_jpg.rf.46860da36091a8545441352bc1e5d322.jpg,640,640,eosinophil,540,275,630,435
lymphocyte-416-_jpeg_jpg.rf.4c2d88901c0ee5250989f769d283cd3e.jpg,640,640,lymphocyte,250,200,360,340
monocyte-36-_jpeg_jpg.rf.47eb98485382b748914e3ff2727eb351.jpg,640,640,monocyte,205,265,475,575
neutrophil-535-_jpeg_jpg.rf.4a493d82ce35e7b13ea3d3b131c52026.jpg,640,640,neutrophil,355,370,555,590
neutrophil-491-_jpeg_jpg.rf.4c5075b72f1f8f9884693fd89c4526b7.jpg,640,640,neutrophil,280,430,400,610
neutrophil-61-_jpeg_jpg.rf.51217864cd0346a47b26e0bab7b843ae.jpg,640,640,neutrophil,95,440,235,600
monocyte-368-_jpeg_jpg.rf.4a57aea71ad8700fd1b7b14978369290.jpg,640,640,monocyte,170,295,430,625
neutrophil-421-_jpeg_jpg.rf.4b2350512c2f7456191efa6b0ae1ee83.jpg,640,640,neutrophil,190,200,390,490
eosinophil-19-_jpeg_jpg.rf.4f9d36a896589aec50289e33fbf2ec0f.jpg,640,640,eosinophil,467,547,629,640
lymphocyte-283-_jpeg_jpg.rf.50bc5500ca513cee16fbe3e914b4d62e.jpg,640,640,lymphocyte,50,305,160,445
neutrophil-58-_jpeg_jpg.rf.5105dc71e1b8ddcdfe48d148c5cf7799.jpg,640,640,neutrophil,310,240,490,470
neutrophil-585-_jpeg_jpg.rf.54fdb2fc2afa6390e6e22fe69284429e.jpg,640,640,neutrophil,125,430,245,620
neutrophil-563-_jpeg_jpg.rf.4c8fcb520b3587eed0fd6bab713e985e.jpg,640,640,neutrophil,95,220,275,450
eosinophil-10-_jpeg_jpg.rf.4fa5022ac30a0176ade4926440f7ba8b.jpg,640,640,eosinophil,45,367,149,535
monocyte-434-_jpeg_jpg.rf.4ccb7c1cf350826d77677081dc273639.jpg,640,640,monocyte,230,390,400,600
monocyte-7-_jpeg_jpg.rf.52075ef00f1861a9fbbb1a18c0381fd9.jpg,640,640,monocyte,175,20,435,270
eosinophil-190-_jpeg_jpg.rf.51061af51312ca26b25bc87496daf01a.jpg,640,640,eosinophil,305,145,435,365
monocyte-6-_jpeg_jpg.rf.5078dcf361c997f7a621fb8bf0b5f21a.jpg,640,640,monocyte,245,400,475,640
eosinophil-266-_jpeg_jpg.rf.51eb2a5f8fd7d18a544c74817294dc02.jpg,640,640,eosinophil,230,495,400,635
monocyte-429-_jpeg_jpg.rf.511ac67e5bd49908642eb50aadb27944.jpg,640,640,monocyte,195,315,455,635
eosinophil-187-_jpeg_jpg.rf.54db458a64ec02593bb0afacb4d6a784.jpg,640,640,eosinophil,315,125,435,355
neutrophil-615-_jpeg_jpg.rf.4ef053c5c0fc442f72e2c19b35d1915a.jpg,640,640,neutrophil,60,270,270,560
monocyte-576-_jpeg_jpg.rf.4dd6577cf7983f740d766c1da2c1f673.jpg,640,640,monocyte,165,210,415,520
lymphocyte-272-_jpeg_jpg.rf.524858e154bd082483535df198ab4a07.jpg,640,640,lymphocyte,225,190,365,360
lymphocyte-383-_jpeg_jpg.rf.55e07e9c970faaf023bbbfc5a9c21e87.jpg,640,640,lymphocyte,145,250,265,400
lymphocyte-116-_jpeg_jpg.rf.513464e659515a2de2e2d661f9bf613b.jpg,640,640,lymphocyte,300,5,410,145
lymphocyte-102-_jpeg_jpg.rf.52943cdaa9ab9d88ca116a065e8c08db.jpg,640,640,lymphocyte,290,245,410,415
monocyte-352-_jpeg_jpg.rf.5566c1b36c321d586d6a364dac53a7d7.jpg,640,640,monocyte,225,280,485,590
monocyte-39-_jpeg_jpg.rf.4f62fa3cee5259bc7418bdb5a7669185.jpg,640,640,monocyte,195,370,485,640
lymphocyte-345-_jpeg_jpg.rf.599baddf9a67c9bad326ffe6daac9617.jpg,640,640,lymphocyte,95,265,205,405
lymphocyte-333-_jpeg_jpg.rf.5b5c68639f9be00ede8bed49453cf195.jpg,640,640,lymphocyte,205,420,335,640
monocyte-339-_jpeg_jpg.rf.57808eeadabcd82d449a08c2d72842c4.jpg,640,640,monocyte,230,0,480,300
eosinophil-128-_jpeg_jpg.rf.51e8d214721043f88f637da1a77bcf0f.jpg,640,640,eosinophil,205,75,365,295
eosinophil-195-_jpeg_jpg.rf.5792a38e99db30554058774a08b7a446.jpg,640,640,eosinophil,60,500,160,640
monocyte-432-_jpeg_jpg.rf.59fa099142898de01403dded5c0ed29e.jpg,640,640,monocyte,210,45,490,285
neutrophil-48-_jpeg_jpg.rf.5abda929b30fad330e7328c3cca5174c.jpg,640,640,neutrophil,145,225,325,455
lymphocyte-302-_jpeg_jpg.rf.5eb706a4ab565d705e5252ed548720bc.jpg,640,640,lymphocyte,200,235,320,365
eosinophil-23-_jpeg_jpg.rf.5c3c02d79ae2a46bc0d7dfa1e506556d.jpg,640,640,eosinophil,305,340,505,640
lymphocyte-362-_jpeg_jpg.rf.61d91518d6d320f42b840aaa644602a0.jpg,640,640,lymphocyte,295,255,425,405
monocyte-361-_jpeg_jpg.rf.5d0d271b73b576a46df3e56f72d0be1d.jpg,640,640,monocyte,255,340,425,550
lymphocyte-303-_jpeg_jpg.rf.63326453571856f71a0a1fa5db35f369.jpg,640,640,lymphocyte,190,335,320,575
monocyte-58-_jpeg_jpg.rf.598b1a863fc5a4591a76c3fd9bc03192.jpg,640,640,monocyte,245,345,415,555
lymphocyte-105-_jpeg_jpg.rf.5f088e49542745b732b2b065c8384545.jpg,640,640,lymphocyte,135,385,245,555
eosinophil-149-_jpeg_jpg.rf.5cdc9e3fe722ebaeb23feae0abbb7aec.jpg,640,640,eosinophil,315,480,505,640
monocyte-40-_jpeg_jpg.rf.6218128b54f2e227e1a203e42b8f1bf4.jpg,640,640,monocyte,80,255,300,555
lymphocyte-414-_jpeg_jpg.rf.5fae546c6c5271e0076384d6256a10eb.jpg,640,640,lymphocyte,215,510,335,640
eosinophil-140-_jpeg_jpg.rf.629119747d1dc36bf4fa70b24dbc1c40.jpg,640,640,eosinophil,315,275,435,485
neutrophil-45-_jpeg_jpg.rf.62e7de95bad84a2fb78d54d6ce8f86c2.jpg,640,640,neutrophil,205,290,425,600
neutrophil-571-_jpeg_jpg.rf.6373bd2d6c3d7a23c7c68502b2558837.jpg,640,640,neutrophil,380,165,570,425
lymphocyte-578-_jpeg_jpg.rf.64748dae88bb7f59118ea241c2dbcf09.jpg,640,640,lymphocyte,454,280,545,401
neutrophil-562-_jpeg_jpg.rf.58aee80555903ac0b8b3491ec424d0ae.jpg,640,640,neutrophil,385,380,585,640
monocyte-453-_jpeg_jpg.rf.6499b4b1420d4b005636d7b36c076a31.jpg,640,640,monocyte,275,20,485,320
lymphocyte-366-_jpeg_jpg.rf.5d5feca748b74c92e32116ed22f2779f.jpg,640,640,lymphocyte,195,260,325,410
neutrophil-95-_jpeg_jpg.rf.63d0288cc08d22acd8612386df3eccfc.jpg,640,640,neutrophil,485,140,605,360
lymphocyte-418-_jpeg_jpg.rf.6489aac02aeeffbe7bca3f2d0ae95483.jpg,640,640,lymphocyte,205,210,335,350
eosinophil-273-_jpeg_jpg.rf.66b0cfe91a0096baed79b7ec4570f775.jpg,640,640,eosinophil,35,40,245,350
neutrophil-606-_jpeg_jpg.rf.64ee4392c8303af515687b5b5ed3fa64.jpg,640,640,neutrophil,465,425,595,595
eosinophil-212-_jpeg_jpg.rf.669949560103aa9dff060844c27bcd93.jpg,640,640,eosinophil,85,25,305,305
eosinophil-13-_jpeg_jpg.rf.69d8e95aef0cb3f61a02f046df0258dd.jpg,640,640,eosinophil,200,10,410,300
monocyte-338-_jpeg_jpg.rf.677ce45f9b8345e808d0d3c990734722.jpg,640,640,monocyte,255,5,525,265
lymphocyte-356-_jpeg_jpg.rf.6a140dc64b410e35443cf57c1f09580e.jpg,640,640,lymphocyte,210,325,340,455
lymphocyte-365-_jpeg_jpg.rf.6744d2b2e71bba49669adb6252ec26a3.jpg,640,640,lymphocyte,340,255,470,405
eosinophil-243-_jpeg_jpg.rf.68f289b5f0abfca24185f9d3be475dbc.jpg,640,640,eosinophil,320,135,460,335
monocyte-45-_jpeg_jpg.rf.69bf857e1c9b5201ae9dcff807fbcdeb.jpg,640,640,monocyte,295,260,525,570
monocyte-336-_jpeg_jpg.rf.6a79d2ac3a26e30fa8d5bd99c2856a0b.jpg,640,640,monocyte,255,385,425,585
lymphocyte-339-_jpeg_jpg.rf.6a72026a0e9b13fe778c4bdf84711c58.jpg,640,640,lymphocyte,305,35,425,255
monocyte-424-_jpeg_jpg.rf.68abdcd7c9dc270ca14010cd706de93d.jpg,640,640,monocyte,210,380,440,640
lymphocyte-353-_jpeg_jpg.rf.6a1f4458da015c7e55b2f3ef6f672cf9.jpg,640,640,lymphocyte,445,305,565,455
eosinophil-211-_jpeg_jpg.rf.6b48b26fda01b203ec9df74ac743b65b.jpg,640,640,eosinophil,285,490,435,640
neutrophil-555-_jpeg_jpg.rf.6aa78381df10936f81682bf971f5017c.jpg,640,640,neutrophil,325,90,575,430
neutrophil-613-_jpeg_jpg.rf.6a7d0df54f070a9f86bbef16c7300e21.jpg,640,640,neutrophil,120,90,350,430
lymphocyte-296-_jpeg_jpg.rf.6b54dc4cc8a89b8b36a11e1d47468022.jpg,640,640,lymphocyte,240,250,350,390
monocyte-594-_jpeg_jpg.rf.67b9d3ddcda9ffff22793e2324b7d79f.jpg,640,640,monocyte,165,365,395,635
neutrophil-577-_jpeg_jpg.rf.6ce2c8567db00d845436c39c06d351f8.jpg,640,640,neutrophil,330,0,550,290
monocyte-390-_jpeg_jpg.rf.6b245364335652f5608feaad36b28d3c.jpg,640,640,monocyte,345,255,575,565
neutrophil-62-_jpeg_jpg.rf.6fc680ba9827c504476765107611cb79.jpg,640,640,neutrophil,195,450,385,640
eosinophil-28-_jpeg_jpg.rf.6d6db5d0a8099fb64003c1217b852f49.jpg,640,640,eosinophil,50,0,270,200
lymphocyte-299-_jpeg_jpg.rf.6de0c7f23bd108b97ef15f3466aae32c.jpg,640,640,lymphocyte,355,375,465,485
eosinophil-253-_jpeg_jpg.rf.6bf2f9c176d02c24fa20f1e74c452248.jpg,640,640,eosinophil,490,95,600,255
neutrophil-537-_jpeg_jpg.rf.6a2c0e368b1266fd5390138a2817e356.jpg,640,640,neutrophil,225,5,435,235
monocyte-378-_jpeg_jpg.rf.703389f2d01d78b35b2f200818a6f562.jpg,640,640,monocyte,240,0,460,220
lymphocyte-576-_jpeg_jpg.rf.6b84471951a0734b2aed9439279efd21.jpg,640,640,lymphocyte,151,4,271,99
neutrophil-86-_jpeg_jpg.rf.6d8b7ee362a06f79e1e6022440505dab.jpg,640,640,neutrophil,215,250,465,610
eosinophil-240-_jpeg_jpg.rf.6d1ff804105f568b501c3cd79b64ff25.jpg,640,640,eosinophil,180,230,360,570
monocyte-377-_jpeg_jpg.rf.70f0057e134bb119aae904a63afe4497.jpg,640,640,monocyte,265,245,495,555
eosinophil-165-_jpeg_jpg.rf.710759fc1b686939cdc77b79c0e4a8db.jpg,640,640,eosinophil,435,350,565,530
monocyte-488-_jpeg_jpg.rf.65d3535d7f22243b761fd1a70e59972c.jpg,640,640,monocyte,109,45,332,329
neutrophil-551-_jpeg_jpg.rf.6ffeb1d157c6bffab991f113188559dd.jpg,640,640,neutrophil,190,310,390,570
neutrophil-80-_jpeg_jpg.rf.7163c7c66282fe356e25d9ed86e40d4c.jpg,640,640,neutrophil,360,340,540,590
monocyte-431-_jpeg_jpg.rf.7010827b49be2afd77ad79de02fc44d1.jpg,640,640,monocyte,105,70,345,290
lymphocyte-31-_jpeg_jpg.rf.71352d4c53176e8ae9ffd4b3337845b9.jpg,640,640,lymphocyte,365,290,485,440
neutrophil-500-_jpeg_jpg.rf.766ac9841b111d317a2cccb17627f3fe.jpg,640,640,neutrophil,0,245,220,515
neutrophil-556-_jpeg_jpg.rf.778545cbc9b543b9db11183d8b6a795d.jpg,640,640,neutrophil,5,70,235,320
lymphocyte-276-_jpeg_jpg.rf.7165b2316565b843472bf983b7b3cd01.jpg,640,640,lymphocyte,105,210,215,330
lymphocyte-381-_jpeg_jpg.rf.7376730be6a6f5ae95b96e69ea571858.jpg,640,640,lymphocyte,350,220,440,360
monocyte-582-_jpeg_jpg.rf.707f1eaf4a5b372eabadbb41119f5558.jpg,640,640,monocyte,270,310,530,580
neutrophil-82-_jpeg_jpg.rf.72a43378bc768b15bfbe7c30f38cc10e.jpg,640,640,neutrophil,95,235,235,425
neutrophil-581-_jpeg_jpg.rf.7554c5cc0dda1f6946a830a6494e4940.jpg,640,640,neutrophil,0,0,130,150
lymphocyte-359-_jpeg_jpg.rf.71b8f95e01adb48a2a5fae40c6e5dfdd.jpg,640,640,lymphocyte,290,0,430,130
lymphocyte-397-_jpeg_jpg.rf.716ae8fa9d3bef27f334c8551909648e.jpg,640,640,lymphocyte,270,45,400,185
lymphocyte-354-_jpeg_jpg.rf.78c69c46695936f966089fc6c3e270da.jpg,640,640,lymphocyte,150,205,270,345
monocyte-366-_jpeg_jpg.rf.7aa829d17ba45defcdce15edee61f598.jpg,640,640,monocyte,40,295,300,585
monocyte-396-_jpeg_jpg.rf.78834a2a81d6ac612f71ea151425190a.jpg,640,640,monocyte,180,250,450,570
lymphocyte-369-_jpeg_jpg.rf.77b85f835308d0af5b0d02db0bc70de8.jpg,640,640,lymphocyte,315,35,435,265
lymphocyte-390-_jpeg_jpg.rf.78cd48ed48f7506c56d146638127c597.jpg,640,640,lymphocyte,255,255,385,375
lymphocyte-412-_jpeg_jpg.rf.743e16b6a36018c084233dbbddf4438d.jpg,640,640,lymphocyte,300,290,400,420
neutrophil-526-_jpeg_jpg.rf.7a25d974e1f1644b1997714d38af807b.jpg,640,640,neutrophil,230,0,460,220
neutrophil-60-_jpeg_jpg.rf.7aaffb19d4bd8fbdacb056857525a7fc.jpg,640,640,neutrophil,175,425,385,635
neutrophil-474-_jpeg_jpg.rf.77b68925fe7db450a005cc75079e77b2.jpg,640,640,neutrophil,305,310,495,570
monocyte-41-_jpeg_jpg.rf.7756ad1bd055afbca6dae0f943708b34.jpg,640,640,monocyte,195,350,465,640
monocyte-449-_jpeg_jpg.rf.7e3e9b2d7f722d0fba6ac262534470bd.jpg,640,640,monocyte,165,115,425,435
monocyte-447-_jpeg_jpg.rf.7ad3a870e50134c72cec0e30e990155e.jpg,640,640,monocyte,155,245,425,535
neutrophil-446-_jpeg_jpg.rf.78aea400de2741c059381a73a5d3f2d2.jpg,640,640,neutrophil,355,110,565,370
neutrophil-484-_jpeg_jpg.rf.791c4b025404bba3b6ca02b13299e197.jpg,640,640,neutrophil,115,165,255,335
lymphocyte-377-_jpeg_jpg.rf.7c3a5a05d1c41b7c248fa1ea7943016f.jpg,640,640,lymphocyte,370,235,480,365
lymphocyte-579-_jpeg_jpg.rf.7d4186779f18395ba6ff3a92a0e3c6d4.jpg,640,640,lymphocyte,229,247,345,396
eosinophil-16-_jpeg_jpg.rf.7bccb3e9882fde1f7a36cc2447989c3d.jpg,640,640,eosinophil,475,65,635,295
eosinophil-135-_jpeg_jpg.rf.67ff4754537e606b106bb732af46e952.jpg,640,640,eosinophil,230,55,460,275
neutrophil-78-_jpeg_jpg.rf.811df14b6a8f77aa0ae786864ba2a7ed.jpg,640,640,neutrophil,231,119,438,371
monocyte-423-_jpeg_jpg.rf.7ea46e3fcc5a5acb04ecce84bcc7080a.jpg,640,640,monocyte,265,10,435,230
eosinophil-174-_jpeg_jpg.rf.7de8c2f5cba05a20bc92a38f11d2a6ad.jpg,640,640,eosinophil,205,450,385,640
lymphocyte-34-_jpeg_jpg.rf.7df8b6a9462bbad755e8e722b5c35894.jpg,640,640,lymphocyte,105,110,225,260
monocyte-416-_jpeg_jpg.rf.810fc1da144d6f0dc7295eadfc049fb6.jpg,640,640,monocyte,195,0,365,200
eosinophil-237-_jpeg_jpg.rf.7db4eefa0128bc0d7997f80d58ca9734.jpg,640,640,eosinophil,210,580,350,640
eosinophil-139-_jpeg_jpg.rf.82903073fa91f8b230410101a7b2cc97.jpg,640,640,eosinophil,231,0,439,213
monocyte-584-_jpeg_jpg.rf.814c158102320d3429446c9b99d44f07.jpg,640,640,monocyte,305,30,575,300
lymphocyte-335-_jpeg_jpg.rf.88540f6555de8034db3306d3f386b66a.jpg,640,640,lymphocyte,185,190,315,360
monocyte-433-_jpeg_jpg.rf.8209eb142da85766cbae65605ac96fd9.jpg,640,640,monocyte,275,390,505,640
monocyte-607-_jpeg_jpg.rf.8855a169101370c7e14c3ca415b1fc01.jpg,640,640,monocyte,100,0,360,190
eosinophil-244-_jpeg_jpg.rf.85ae482e1a3167529a5b53c13008fac0.jpg,640,640,eosinophil,415,105,565,305
monocyte-61-_jpeg_jpg.rf.8502bce68f60162f1329bfa4cd461ea0.jpg,640,640,monocyte,180,20,430,340
neutrophil-593-_jpeg_jpg.rf.8922842a0b0199359e489afa14b91f52.jpg,640,640,neutrophil,320,130,550,430
neutrophil-558-_jpeg_jpg.rf.85fd79b04d7a7d07fcd2ae36cb710f0e.jpg,640,640,neutrophil,150,240,350,510
neutrophil-98-_jpeg_jpg.rf.8684bff38cb2cb3d034cca5dae67434f.jpg,640,640,neutrophil,230,295,430,605
monocyte-350-_jpeg_jpg.rf.8616b566c47130dc1a63c48838b1d068.jpg,640,640,monocyte,215,10,385,220
neutrophil-81-_jpeg_jpg.rf.9228f6407d915b672bb03971dd2d4e26.jpg,640,640,neutrophil,235,215,405,455
eosinophil-191-_jpeg_jpg.rf.8c05b453331a74dfd5567f30d314a56e.jpg,640,640,eosinophil,45,50,255,360
neutrophil-561-_jpeg_jpg.rf.88c9d4dd29e2647173f59458047de74c.jpg,640,640,neutrophil,190,165,390,425
eosinophil-205-_jpeg_jpg.rf.884f4f6c3978049deb44a2595ecdee04.jpg,640,640,eosinophil,270,420,480,640
eosinophil-25-_jpeg_jpg.rf.8506db7d041697a8ad4490c00d4e936f.jpg,640,640,eosinophil,565,190,635,350
monocyte-69-_jpeg_jpg.rf.90c8b4984ca0461a8558a93fac84d381.jpg,640,640,monocyte,255,80,435,290
eosinophil-218-_jpeg_jpg.rf.7ea0d4d5fcb0dd8f907346ecf139173e.jpg,640,640,eosinophil,155,370,365,640
lymphocyte-337-_jpeg_jpg.rf.8c14b2292f5e0d6f1d91ae74e9a46770.jpg,640,640,lymphocyte,470,240,590,390
eosinophil-117-_jpeg_jpg.rf.93fbde7482dd8c431c82aae5b0faa792.jpg,640,640,eosinophil,120,335,270,535
eosinophil-172-_jpeg_jpg.rf.8d60a0be425e241ea070e7275f530476.jpg,640,640,eosinophil,445,0,635,310
eosinophil-275-_jpeg_jpg.rf.8bccc484607e7faced5700ca339406cf.jpg,640,640,eosinophil,305,95,495,365
eosinophil-181-_jpeg_jpg.rf.91c1e485429f43ea4112e402f7aa2b42.jpg,640,640,eosinophil,295,205,495,455
lymphocyte-373-_jpeg_jpg.rf.8e535a9c07eee1b47b7d98492129aced.jpg,640,640,lymphocyte,460,365,570,515
monocyte-426-_jpeg_jpg.rf.90aef822aa107b60c63be2a202366b34.jpg,640,640,monocyte,95,50,375,330
eosinophil-269-_jpeg_jpg.rf.97204ad5a53bad9381aaaa3215b9f041.jpg,640,640,eosinophil,0,405,160,625
monocyte-586-_jpeg_jpg.rf.962c9c47adb188af2d9265e12e5b73b7.jpg,640,640,monocyte,175,15,435,315
eosinophil-109-_jpeg_jpg.rf.9411534784033fa2f82c596909c6f738.jpg,640,640,eosinophil,260,40,410,280
neutrophil-457-_jpeg_jpg.rf.84fee46d2f2a7db0942ebee83263b7ad.jpg,640,640,neutrophil,280,265,480,545
lymphocyte-388-_jpeg_jpg.rf.96926173917b3190f6c4a9385f333e5a.jpg,640,640,lymphocyte,275,330,385,580
neutrophil-79-_jpeg_jpg.rf.92f7b3d0bffc08311a009e3e99b2bad0.jpg,640,640,neutrophil,94,273,276,571
lymphocyte-291-_jpeg_jpg.rf.8cd742eb525a33aea4cd1cc17097a167.jpg,640,640,lymphocyte,240,225,370,395
neutrophil-493-_jpeg_jpg.rf.9a48a169a8b1813da5714d517aa30628.jpg,640,640,neutrophil,0,110,250,470
neutrophil-499-_jpeg_jpg.rf.97b6e7de03bacf3da4b37ea858508b8c.jpg,640,640,neutrophil,185,25,315,185
lymphocyte-307-_jpeg_jpg.rf.97a0436b5c08e68616d6dd44d0c40f07.jpg,640,640,lymphocyte,195,30,335,210
lymphocyte-329-_jpeg_jpg.rf.98e4e2c55582ebc8d25370f70b6d5c71.jpg,640,640,lymphocyte,230,65,340,285
neutrophil-88-_jpeg_jpg.rf.9b3a1c0b85382029c3719c7b9e760931.jpg,640,640,neutrophil,85,310,235,490
monocyte-478-_jpeg_jpg.rf.97f8dba19e07014d67028b9bad2ce302.jpg,640,640,monocyte,182,368,407,636
neutrophil-596-_jpeg_jpg.rf.999a5bfd991494c95c18337c2219aa02.jpg,640,640,neutrophil,30,40,250,290
monocyte-392-_jpeg_jpg.rf.9e9fcaa5cd6285bd427b8438ec58e9c6.jpg,640,640,monocyte,195,330,465,630
eosinophil-222-_jpeg_jpg.rf.9cc09534d491df0c6d18b24c2b40c281.jpg,640,640,eosinophil,215,60,455,380
eosinophil-217-_jpeg_jpg.rf.9d0c3719a092505304eac1b7b28a3114.jpg,640,640,eosinophil,490,570,620,640
eosinophil-131-_jpeg_jpg.rf.99c6ce75920f7a226b76b728ae54a37d.jpg,640,640,eosinophil,0,180,90,340
neutrophil-463-_jpeg_jpg.rf.92bd0cb979fb0e28775e2f102dff70cf.jpg,640,640,neutrophil,35,55,215,335
monocyte-589-_jpeg_jpg.rf.9da120cc14ba87f7c83d073fcf86883c.jpg,640,640,monocyte,205,0,425,230
monocyte-354-_jpeg_jpg.rf.99736eea1a8c5208801214ef4ef65fd9.jpg,640,640,monocyte,225,370,455,640
eosinophil-268-_jpeg_jpg.rf.9ad7296f2c1a06dd37aad87be92383d9.jpg,640,640,eosinophil,140,365,300,555
monocyte-451-_jpeg_jpg.rf.9f7248050a6162bce1e7d65da28b1b34.jpg,640,640,monocyte,295,0,565,220
eosinophil-156-_jpeg_jpg.rf.9909772c5e9f9dce001c84b7c998eb76.jpg,640,640,eosinophil,340,420,560,640
monocyte-585-_jpeg_jpg.rf.9f41e9fa6728beb02444d197a2417727.jpg,640,640,monocyte,220,95,380,315
eosinophil-154-_jpeg_jpg.rf.991b7e84c009d5e87617af5fbfe618cd.jpg,640,640,eosinophil,150,465,300,635
eosinophil-168-_jpeg_jpg.rf.95a830329256af6284ea24ee9dc648b3.jpg,640,640,eosinophil,95,0,275,70
neutrophil-576-_jpeg_jpg.rf.9f08ec0ddd1edb8d81b1f81dd0323cba.jpg,640,640,neutrophil,200,155,380,405
monocyte-575-_jpeg_jpg.rf.9f80bf707f64a08ccdad61b0b9dcf110.jpg,640,640,monocyte,150,0,380,210
monocyte-348-_jpeg_jpg.rf.a3bf63e1071a4283298e37d55d32f41f.jpg,640,640,monocyte,170,315,390,605
eosinophil-230-_jpeg_jpg.rf.a1f015477f9a99c187a4f93880382cb7.jpg,640,640,eosinophil,230,15,460,315
lymphocyte-287-_jpeg_jpg.rf.a05a5807528d0c6c270f462300cf7e2e.jpg,640,640,lymphocyte,220,335,320,455
neutrophil-549-_jpeg_jpg.rf.9fe0c17a5c5ccb3ee55960bdc87c38d7.jpg,640,640,neutrophil,375,150,575,430
neutrophil-595-_jpeg_jpg.rf.9dee4273c372fb326ac9b6d3d5900cea.jpg,640,640,neutrophil,0,215,130,435
lymphocyte-575-_jpeg_jpg.rf.a0924b581546e2ee13e3b240fcb140ba.jpg,640,640,lymphocyte,140,196,239,344
neutrophil-543-_jpeg_jpg.rf.a26e525c22439abb5dae290159bd4525.jpg,640,640,neutrophil,235,265,395,475
eosinophil-267-_jpeg_jpg.rf.a00a1b1a0108d5e8a0eb57c2e9c75e95.jpg,640,640,eosinophil,355,410,485,600
monocyte-375-_jpeg_jpg.rf.9b406f84e0b2bff6675e37b483ee679a.jpg,640,640,monocyte,155,310,425,630
eosinophil-14-_jpeg_jpg.rf.a3e961e16f8da068c0edcd72c0553873.jpg,640,640,eosinophil,170,15,370,315
neutrophil-521-_jpeg_jpg.rf.9cde7f4b7d3d9d2612db63abee1551a5.jpg,640,640,neutrophil,285,255,525,555
eosinophil-179-_jpeg_jpg.rf.a365b684fc02ab18ba1adb9cbbe1d707.jpg,640,640,eosinophil,210,25,390,185
lymphocyte-120-_jpeg_jpg.rf.a2319a6a3bc24312df679235e6027d67.jpg,640,640,lymphocyte,415,245,525,385
neutrophil-496-_jpeg_jpg.rf.a921364e0dd3f9c4a99378ca4e5b1d6b.jpg,640,640,neutrophil,510,225,640,425
neutrophil-477-_jpeg_jpg.rf.a4213d95d60b5dd053c4cf978bf382d8.jpg,640,640,neutrophil,355,40,535,190
lymphocyte-295-_jpeg_jpg.rf.a63b41f9f08d9bb3a874557eaa3a3991.jpg,640,640,lymphocyte,200,460,320,640
monocyte-427-_jpeg_jpg.rf.a609846ac8345cdce5bf8eeb4e5804b1.jpg,640,640,monocyte,300,5,470,195
lymphocyte-405-_jpeg_jpg.rf.a8cc38742174c705020d03aca2ffdf82.jpg,640,640,lymphocyte,240,180,370,340
lymphocyte-357-_jpeg_jpg.rf.a8679185889505d9addcf4f545c4a1ff.jpg,640,640,lymphocyte,240,460,370,640
monocyte-371-_jpeg_jpg.rf.a6608ef7598cd4c105d5959f631e3347.jpg,640,640,monocyte,140,15,310,225
monocyte-351-_jpeg_jpg.rf.a7ece4f26fac1f96d39a293326881d15.jpg,640,640,monocyte,115,290,385,590
monocyte-591-_jpeg_jpg.rf.a6090736d7e550a7cebb1dd812c8e23e.jpg,640,640,monocyte,165,250,425,570
lymphocyte-277-_jpeg_jpg.rf.a89dbf7ef299f683c99b950b427ce1e8.jpg,640,640,lymphocyte,325,30,435,260
neutrophil-554-_jpeg_jpg.rf.a7c61b3c28b9b7ad90ed4bf6bbd31da0.jpg,640,640,neutrophil,395,460,575,640
monocyte-393-_jpeg_jpg.rf.aaf1d9384772312cd0f19bd372d91fe3.jpg,640,640,monocyte,315,60,565,310
neutrophil-472-_jpeg_jpg.rf.a76243dd696e671b8c0f6e031288e4ca.jpg,640,640,neutrophil,135,205,345,515
neutrophil-528-_jpeg_jpg.rf.aa96e9bacadb4a82aa8c909e35bd8a2c.jpg,640,640,neutrophil,275,340,475,620
neutrophil-464-_jpeg_jpg.rf.a5eae379cae2e1f5bda5f89bd512268d.jpg,640,640,neutrophil,360,460,550,640
neutrophil-476-_jpeg_jpg.rf.aa64afca502d5b05472c66b0d6545b0c.jpg,640,640,neutrophil,120,10,240,180
monocyte-388-_jpeg_jpg.rf.abfba5436171b15aea54b96c00c933dc.jpg,640,640,monocyte,275,45,473,252
eosinophil-281-_jpeg_jpg.rf.ad9020fde75dc9d01b33941dc2ae1445.jpg,640,640,eosinophil,230,165,420,445
monocyte-479-_jpeg_jpg.rf.af196100d6d4461607be1c3eede59858.jpg,640,640,monocyte,222,84,388,311
neutrophil-611-_jpeg_jpg.rf.ac3ed550228b24d08e2dac515c13ef83.jpg,640,640,neutrophil,240,220,420,440
lymphocyte-389-_jpeg_jpg.rf.a955f9f5501f5f2c208f686d24fbfd7a.jpg,640,640,lymphocyte,350,540,470,640
neutrophil-617-_jpeg_jpg.rf.adc801a978e183f16012c1566f715668.jpg,640,640,neutrophil,140,210,350,480
monocyte-370-_jpeg_jpg.rf.ae00d4f74d936e035d4e2e4f4c00bc0b.jpg,640,640,monocyte,220,10,450,290
monocyte-380-_jpeg_jpg.rf.b12b1dd36617bda231fc6cf97c66b670.jpg,640,640,monocyte,125,40,385,380
eosinophil-164-_jpeg_jpg.rf.aeb74b9a616bc5cad4858b8b496da762.jpg,640,640,eosinophil,295,450,445,620
lymphocyte-293-_jpeg_jpg.rf.b05d070243d2a88324f2b8eca34033fa.jpg,640,640,lymphocyte,380,95,500,245
monocyte-452-_jpeg_jpg.rf.ad7baa064465c20f9698b3fd187a1b3f.jpg,640,640,monocyte,370,95,570,365
lymphocyte-298-_jpeg_jpg.rf.afa455008c53dd217ff6b265d1093740.jpg,640,640,lymphocyte,200,0,330,120
lymphocyte-323-_jpeg_jpg.rf.ae7451f18eda4fab37793396c75ad844.jpg,640,640,lymphocyte,315,0,425,170
eosinophil-257-_jpeg_jpg.rf.b15632e890a650b0202c5c44b3550625.jpg,640,640,eosinophil,180,0,370,170
eosinophil-256-_jpeg_jpg.rf.adab2453c5222ff4eb33e051a932bf7c.jpg,640,640,eosinophil,220,315,410,575
lymphocyte-30-_jpeg_jpg.rf.b0e116ded7b1bf7691ea7a02d751f4d4.jpg,640,640,lymphocyte,180,0,310,140
neutrophil-504-_jpeg_jpg.rf.b07bce1ca51aefb657037d0d2ba4153e.jpg,640,640,neutrophil,10,175,190,405
monocyte-485-_jpeg_jpg.rf.b0e6d26a65f950a9b6aa362ba0a85a96.jpg,640,640,monocyte,201,409,365,622
monocyte-409-_jpeg_jpg.rf.b3556366c35e40e132509847467528e4.jpg,640,640,monocyte,190,10,360,220
eosinophil-263-_jpeg_jpg.rf.b34c30a0b4957ec160739c360fde8fc8.jpg,640,640,eosinophil,160,350,380,640